Gene1	chr1	1000	1800
Gene2	chr1	2000	2800
Gene3	chr1	3000	3800
Gene4	chr1	4000	4800
Gene5	chr1	5000	5800
Gene6	chr1	6000	6800
Gene7	chr1	7000	7800
Gene8	chr1	8000	8800
Gene9	chr1	9000	9800
Gene10	chr1	10000	10800
Gene11	chr1	11000	11800
Gene12	chr1	12000	12800
Gene13	chr1	13000	13800
Gene14	chr1	14000	14800
Gene15	chr1	15000	15800
Gene16	chr1	16000	16800
Gene17	chr1	17000	17800
Gene18	chr1	18000	18800
Gene19	chr1	19000	19800
Gene20	chr1	20000	20800
Gene21	chr1	21000	21800
Gene22	chr1	22000	22800
Gene23	chr1	23000	23800
Gene24	chr1	24000	24800
Gene25	chr1	25000	25800
Gene26	chr1	26000	26800
Gene27	chr1	27000	27800
Gene28	chr1	28000	28800
Gene29	chr1	29000	29800
Gene30	chr1	30000	30800
Gene31	chr1	31000	31800
Gene32	chr1	32000	32800
Gene33	chr1	33000	33800
Gene34	chr1	34000	34800
Gene35	chr1	35000	35800
Gene36	chr1	36000	36800
Gene37	chr1	37000	37800
Gene38	chr1	38000	38800
Gene39	chr1	39000	39800
Gene40	chr1	40000	40800
Gene41	chr1	41000	41800
Gene42	chr1	42000	42800
Gene43	chr1	43000	43800
Gene44	chr1	44000	44800
Gene45	chr1	45000	45800
Gene46	chr1	46000	46800
Gene47	chr1	47000	47800
Gene48	chr1	48000	48800
Gene49	chr1	49000	49800
Gene50	chr1	50000	50800
Gene51	chr1	51000	51800
Gene52	chr1	52000	52800
Gene53	chr1	53000	53800
Gene54	chr1	54000	54800
Gene55	chr1	55000	55800
Gene56	chr1	56000	56800
Gene57	chr1	57000	57800
Gene58	chr1	58000	58800
Gene59	chr1	59000	59800
Gene60	chr1	60000	60800
Gene61	chr1	61000	61800
Gene62	chr1	62000	62800
Gene63	chr1	63000	63800
Gene64	chr1	64000	64800
Gene65	chr1	65000	65800
Gene66	chr1	66000	66800
Gene67	chr1	67000	67800
Gene68	chr1	68000	68800
Gene69	chr1	69000	69800
Gene70	chr1	70000	70800
Gene71	chr1	71000	71800
Gene72	chr1	72000	72800
Gene73	chr1	73000	73800
Gene74	chr1	74000	74800
Gene75	chr1	75000	75800
Gene76	chr1	76000	76800
Gene77	chr1	77000	77800
Gene78	chr1	78000	78800
Gene79	chr1	79000	79800
Gene80	chr1	80000	80800
Gene81	chr1	81000	81800
Gene82	chr1	82000	82800
Gene83	chr1	83000	83800
Gene84	chr1	84000	84800
Gene85	chr1	85000	85800
Gene86	chr1	86000	86800
Gene87	chr1	87000	87800
Gene88	chr2	1000	1800
Gene89	chr2	2000	2800
Gene90	chr2	3000	3800
Gene91	chr2	4000	4800
Gene92	chr2	5000	5800
Gene93	chr2	6000	6800
Gene94	chr2	7000	7800
Gene95	chr2	8000	8800
Gene96	chr2	9000	9800
Gene97	chr2	10000	10800
Gene98	chr2	11000	11800
Gene99	chr2	12000	12800
Gene100	chr2	13000	13800
Gene101	chr2	14000	14800
Gene102	chr2	15000	15800
Gene103	chr2	16000	16800
Gene104	chr2	17000	17800
Gene105	chr2	18000	18800
Gene106	chr2	19000	19800
Gene107	chr2	20000	20800
Gene108	chr2	21000	21800
Gene109	chr2	22000	22800
Gene110	chr2	23000	23800
Gene111	chr2	24000	24800
Gene112	chr2	25000	25800
Gene113	chr2	26000	26800
Gene114	chr2	27000	27800
Gene115	chr2	28000	28800
Gene116	chr2	29000	29800
Gene117	chr2	30000	30800
Gene118	chr2	31000	31800
Gene119	chr2	32000	32800
Gene120	chr2	33000	33800
Gene121	chr2	34000	34800
Gene122	chr2	35000	35800
Gene123	chr2	36000	36800
Gene124	chr2	37000	37800
Gene125	chr2	38000	38800
Gene126	chr2	39000	39800
Gene127	chr2	40000	40800
Gene128	chr2	41000	41800
Gene129	chr2	42000	42800
Gene130	chr2	43000	43800
Gene131	chr2	44000	44800
Gene132	chr2	45000	45800
Gene133	chr2	46000	46800
Gene134	chr2	47000	47800
Gene135	chr2	48000	48800
Gene136	chr2	49000	49800
Gene137	chr2	50000	50800
Gene138	chr2	51000	51800
Gene139	chr2	52000	52800
Gene140	chr2	53000	53800
Gene141	chr2	54000	54800
Gene142	chr2	55000	55800
Gene143	chr2	56000	56800
Gene144	chr2	57000	57800
Gene145	chr2	58000	58800
Gene146	chr2	59000	59800
Gene147	chr2	60000	60800
Gene148	chr2	61000	61800
Gene149	chr2	62000	62800
Gene150	chr2	63000	63800
Gene151	chr2	64000	64800
Gene152	chr2	65000	65800
Gene153	chr2	66000	66800
Gene154	chr2	67000	67800
Gene155	chr2	68000	68800
Gene156	chr2	69000	69800
Gene157	chr2	70000	70800
Gene158	chr2	71000	71800
Gene159	chr2	72000	72800
Gene160	chr2	73000	73800
Gene161	chr2	74000	74800
Gene162	chr2	75000	75800
Gene163	chr2	76000	76800
Gene164	chr2	77000	77800
Gene165	chr2	78000	78800
Gene166	chr2	79000	79800
Gene167	chr2	80000	80800
Gene168	chr2	81000	81800
Gene169	chr2	82000	82800
Gene170	chr2	83000	83800
Gene171	chr2	84000	84800
Gene172	chr2	85000	85800
Gene173	chr2	86000	86800
Gene174	chr2	87000	87800
Gene175	chr3	1000	1800
Gene176	chr3	2000	2800
Gene177	chr3	3000	3800
Gene178	chr3	4000	4800
Gene179	chr3	5000	5800
Gene180	chr3	6000	6800
Gene181	chr3	7000	7800
Gene182	chr3	8000	8800
Gene183	chr3	9000	9800
Gene184	chr3	10000	10800
Gene185	chr3	11000	11800
Gene186	chr3	12000	12800
Gene187	chr3	13000	13800
Gene188	chr3	14000	14800
Gene189	chr3	15000	15800
Gene190	chr3	16000	16800
Gene191	chr3	17000	17800
Gene192	chr3	18000	18800
Gene193	chr3	19000	19800
Gene194	chr3	20000	20800
Gene195	chr3	21000	21800
Gene196	chr3	22000	22800
Gene197	chr3	23000	23800
Gene198	chr3	24000	24800
Gene199	chr3	25000	25800
Gene200	chr3	26000	26800
Gene201	chr3	27000	27800
Gene202	chr3	28000	28800
Gene203	chr3	29000	29800
Gene204	chr3	30000	30800
Gene205	chr3	31000	31800
Gene206	chr3	32000	32800
Gene207	chr3	33000	33800
Gene208	chr3	34000	34800
Gene209	chr3	35000	35800
Gene210	chr3	36000	36800
Gene211	chr3	37000	37800
Gene212	chr3	38000	38800
Gene213	chr3	39000	39800
Gene214	chr3	40000	40800
Gene215	chr3	41000	41800
Gene216	chr3	42000	42800
Gene217	chr3	43000	43800
Gene218	chr3	44000	44800
Gene219	chr3	45000	45800
Gene220	chr3	46000	46800
Gene221	chr3	47000	47800
Gene222	chr3	48000	48800
Gene223	chr3	49000	49800
Gene224	chr3	50000	50800
Gene225	chr3	51000	51800
Gene226	chr3	52000	52800
Gene227	chr3	53000	53800
Gene228	chr3	54000	54800
Gene229	chr3	55000	55800
Gene230	chr3	56000	56800
Gene231	chr3	57000	57800
Gene232	chr3	58000	58800
Gene233	chr3	59000	59800
Gene234	chr3	60000	60800
Gene235	chr3	61000	61800
Gene236	chr3	62000	62800
Gene237	chr3	63000	63800
Gene238	chr3	64000	64800
Gene239	chr3	65000	65800
Gene240	chr3	66000	66800
Gene241	chr3	67000	67800
Gene242	chr3	68000	68800
Gene243	chr3	69000	69800
Gene244	chr3	70000	70800
Gene245	chr3	71000	71800
Gene246	chr3	72000	72800
Gene247	chr3	73000	73800
Gene248	chr3	74000	74800
Gene249	chr3	75000	75800
Gene250	chr3	76000	76800
Gene251	chr3	77000	77800
Gene252	chr3	78000	78800
Gene253	chr3	79000	79800
Gene254	chr3	80000	80800
Gene255	chr3	81000	81800
Gene256	chr3	82000	82800
Gene257	chr3	83000	83800
Gene258	chr3	84000	84800
Gene259	chr3	85000	85800
Gene260	chr3	86000	86800
Gene261	chr3	87000	87800
Gene262	chr4	1000	1800
Gene263	chr4	2000	2800
Gene264	chr4	3000	3800
Gene265	chr4	4000	4800
Gene266	chr4	5000	5800
Gene267	chr4	6000	6800
Gene268	chr4	7000	7800
Gene269	chr4	8000	8800
Gene270	chr4	9000	9800
Gene271	chr4	10000	10800
Gene272	chr4	11000	11800
Gene273	chr4	12000	12800
Gene274	chr4	13000	13800
Gene275	chr4	14000	14800
Gene276	chr4	15000	15800
Gene277	chr4	16000	16800
Gene278	chr4	17000	17800
Gene279	chr4	18000	18800
Gene280	chr4	19000	19800
Gene281	chr4	20000	20800
Gene282	chr4	21000	21800
Gene283	chr4	22000	22800
Gene284	chr4	23000	23800
Gene285	chr4	24000	24800
Gene286	chr4	25000	25800
Gene287	chr4	26000	26800
Gene288	chr4	27000	27800
Gene289	chr4	28000	28800
Gene290	chr4	29000	29800
Gene291	chr4	30000	30800
Gene292	chr4	31000	31800
Gene293	chr4	32000	32800
Gene294	chr4	33000	33800
Gene295	chr4	34000	34800
Gene296	chr4	35000	35800
Gene297	chr4	36000	36800
Gene298	chr4	37000	37800
Gene299	chr4	38000	38800
Gene300	chr4	39000	39800
Gene301	chr4	40000	40800
Gene302	chr4	41000	41800
Gene303	chr4	42000	42800
Gene304	chr4	43000	43800
Gene305	chr4	44000	44800
Gene306	chr4	45000	45800
Gene307	chr4	46000	46800
Gene308	chr4	47000	47800
Gene309	chr4	48000	48800
Gene310	chr4	49000	49800
Gene311	chr4	50000	50800
Gene312	chr4	51000	51800
Gene313	chr4	52000	52800
Gene314	chr4	53000	53800
Gene315	chr4	54000	54800
Gene316	chr4	55000	55800
Gene317	chr4	56000	56800
Gene318	chr4	57000	57800
Gene319	chr4	58000	58800
Gene320	chr4	59000	59800
Gene321	chr4	60000	60800
Gene322	chr4	61000	61800
Gene323	chr4	62000	62800
Gene324	chr4	63000	63800
Gene325	chr4	64000	64800
Gene326	chr4	65000	65800
Gene327	chr4	66000	66800
Gene328	chr4	67000	67800
Gene329	chr4	68000	68800
Gene330	chr4	69000	69800
Gene331	chr4	70000	70800
Gene332	chr4	71000	71800
Gene333	chr4	72000	72800
Gene334	chr4	73000	73800
Gene335	chr4	74000	74800
Gene336	chr4	75000	75800
Gene337	chr4	76000	76800
Gene338	chr4	77000	77800
Gene339	chr4	78000	78800
Gene340	chr4	79000	79800
Gene341	chr4	80000	80800
Gene342	chr4	81000	81800
Gene343	chr4	82000	82800
Gene344	chr4	83000	83800
Gene345	chr4	84000	84800
Gene346	chr4	85000	85800
Gene347	chr4	86000	86800
Gene348	chr4	87000	87800
Gene349	chr5	1000	1800
Gene350	chr5	2000	2800
Gene351	chr5	3000	3800
Gene352	chr5	4000	4800
Gene353	chr5	5000	5800
Gene354	chr5	6000	6800
Gene355	chr5	7000	7800
Gene356	chr5	8000	8800
Gene357	chr5	9000	9800
Gene358	chr5	10000	10800
Gene359	chr5	11000	11800
Gene360	chr5	12000	12800
Gene361	chr5	13000	13800
Gene362	chr5	14000	14800
Gene363	chr5	15000	15800
Gene364	chr5	16000	16800
Gene365	chr5	17000	17800
Gene366	chr5	18000	18800
Gene367	chr5	19000	19800
Gene368	chr5	20000	20800
Gene369	chr5	21000	21800
Gene370	chr5	22000	22800
Gene371	chr5	23000	23800
Gene372	chr5	24000	24800
Gene373	chr5	25000	25800
Gene374	chr5	26000	26800
Gene375	chr5	27000	27800
Gene376	chr5	28000	28800
Gene377	chr5	29000	29800
Gene378	chr5	30000	30800
Gene379	chr5	31000	31800
Gene380	chr5	32000	32800
Gene381	chr5	33000	33800
Gene382	chr5	34000	34800
Gene383	chr5	35000	35800
Gene384	chr5	36000	36800
Gene385	chr5	37000	37800
Gene386	chr5	38000	38800
Gene387	chr5	39000	39800
Gene388	chr5	40000	40800
Gene389	chr5	41000	41800
Gene390	chr5	42000	42800
Gene391	chr5	43000	43800
Gene392	chr5	44000	44800
Gene393	chr5	45000	45800
Gene394	chr5	46000	46800
Gene395	chr5	47000	47800
Gene396	chr5	48000	48800
Gene397	chr5	49000	49800
Gene398	chr5	50000	50800
Gene399	chr5	51000	51800
Gene400	chr5	52000	52800
Gene401	chr5	53000	53800
Gene402	chr5	54000	54800
Gene403	chr5	55000	55800
Gene404	chr5	56000	56800
Gene405	chr5	57000	57800
Gene406	chr5	58000	58800
Gene407	chr5	59000	59800
Gene408	chr5	60000	60800
Gene409	chr5	61000	61800
Gene410	chr5	62000	62800
Gene411	chr5	63000	63800
Gene412	chr5	64000	64800
Gene413	chr5	65000	65800
Gene414	chr5	66000	66800
Gene415	chr5	67000	67800
Gene416	chr5	68000	68800
Gene417	chr5	69000	69800
Gene418	chr5	70000	70800
Gene419	chr5	71000	71800
Gene420	chr5	72000	72800
Gene421	chr5	73000	73800
Gene422	chr5	74000	74800
Gene423	chr5	75000	75800
Gene424	chr5	76000	76800
Gene425	chr5	77000	77800
Gene426	chr5	78000	78800
Gene427	chr5	79000	79800
Gene428	chr5	80000	80800
Gene429	chr5	81000	81800
Gene430	chr5	82000	82800
Gene431	chr5	83000	83800
Gene432	chr5	84000	84800
Gene433	chr5	85000	85800
Gene434	chr5	86000	86800
Gene435	chr5	87000	87800
Gene436	chr6	1000	1800
Gene437	chr6	2000	2800
Gene438	chr6	3000	3800
Gene439	chr6	4000	4800
Gene440	chr6	5000	5800
Gene441	chr6	6000	6800
Gene442	chr6	7000	7800
Gene443	chr6	8000	8800
Gene444	chr6	9000	9800
Gene445	chr6	10000	10800
Gene446	chr6	11000	11800
Gene447	chr6	12000	12800
Gene448	chr6	13000	13800
Gene449	chr6	14000	14800
Gene450	chr6	15000	15800
Gene451	chr6	16000	16800
Gene452	chr6	17000	17800
Gene453	chr6	18000	18800
Gene454	chr6	19000	19800
Gene455	chr6	20000	20800
Gene456	chr6	21000	21800
Gene457	chr6	22000	22800
Gene458	chr6	23000	23800
Gene459	chr6	24000	24800
Gene460	chr6	25000	25800
Gene461	chr6	26000	26800
Gene462	chr6	27000	27800
Gene463	chr6	28000	28800
Gene464	chr6	29000	29800
Gene465	chr6	30000	30800
Gene466	chr6	31000	31800
Gene467	chr6	32000	32800
Gene468	chr6	33000	33800
Gene469	chr6	34000	34800
Gene470	chr6	35000	35800
Gene471	chr6	36000	36800
Gene472	chr6	37000	37800
Gene473	chr6	38000	38800
Gene474	chr6	39000	39800
Gene475	chr6	40000	40800
Gene476	chr6	41000	41800
Gene477	chr6	42000	42800
Gene478	chr6	43000	43800
Gene479	chr6	44000	44800
Gene480	chr6	45000	45800
Gene481	chr6	46000	46800
Gene482	chr6	47000	47800
Gene483	chr6	48000	48800
Gene484	chr6	49000	49800
Gene485	chr6	50000	50800
Gene486	chr6	51000	51800
Gene487	chr6	52000	52800
Gene488	chr6	53000	53800
Gene489	chr6	54000	54800
Gene490	chr6	55000	55800
Gene491	chr6	56000	56800
Gene492	chr6	57000	57800
Gene493	chr6	58000	58800
Gene494	chr6	59000	59800
Gene495	chr6	60000	60800
Gene496	chr6	61000	61800
Gene497	chr6	62000	62800
Gene498	chr6	63000	63800
Gene499	chr6	64000	64800
Gene500	chr6	65000	65800
Gene501	chr6	66000	66800
Gene502	chr6	67000	67800
Gene503	chr6	68000	68800
Gene504	chr6	69000	69800
Gene505	chr6	70000	70800
Gene506	chr6	71000	71800
Gene507	chr6	72000	72800
Gene508	chr6	73000	73800
Gene509	chr6	74000	74800
Gene510	chr6	75000	75800
Gene511	chr6	76000	76800
Gene512	chr6	77000	77800
Gene513	chr6	78000	78800
Gene514	chr6	79000	79800
Gene515	chr6	80000	80800
Gene516	chr6	81000	81800
Gene517	chr6	82000	82800
Gene518	chr6	83000	83800
Gene519	chr6	84000	84800
Gene520	chr6	85000	85800
Gene521	chr6	86000	86800
Gene522	chr6	87000	87800
Gene523	chr7	1000	1800
Gene524	chr7	2000	2800
Gene525	chr7	3000	3800
Gene526	chr7	4000	4800
Gene527	chr7	5000	5800
Gene528	chr7	6000	6800
Gene529	chr7	7000	7800
Gene530	chr7	8000	8800
Gene531	chr7	9000	9800
Gene532	chr7	10000	10800
Gene533	chr7	11000	11800
Gene534	chr7	12000	12800
Gene535	chr7	13000	13800
Gene536	chr7	14000	14800
Gene537	chr7	15000	15800
Gene538	chr7	16000	16800
Gene539	chr7	17000	17800
Gene540	chr7	18000	18800
Gene541	chr7	19000	19800
Gene542	chr7	20000	20800
Gene543	chr7	21000	21800
Gene544	chr7	22000	22800
Gene545	chr7	23000	23800
Gene546	chr7	24000	24800
Gene547	chr7	25000	25800
Gene548	chr7	26000	26800
Gene549	chr7	27000	27800
Gene550	chr7	28000	28800
Gene551	chr7	29000	29800
Gene552	chr7	30000	30800
Gene553	chr7	31000	31800
Gene554	chr7	32000	32800
Gene555	chr7	33000	33800
Gene556	chr7	34000	34800
Gene557	chr7	35000	35800
Gene558	chr7	36000	36800
Gene559	chr7	37000	37800
Gene560	chr7	38000	38800
Gene561	chr7	39000	39800
Gene562	chr7	40000	40800
Gene563	chr7	41000	41800
Gene564	chr7	42000	42800
Gene565	chr7	43000	43800
Gene566	chr7	44000	44800
Gene567	chr7	45000	45800
Gene568	chr7	46000	46800
Gene569	chr7	47000	47800
Gene570	chr7	48000	48800
Gene571	chr7	49000	49800
Gene572	chr7	50000	50800
Gene573	chr7	51000	51800
Gene574	chr7	52000	52800
Gene575	chr7	53000	53800
Gene576	chr7	54000	54800
Gene577	chr7	55000	55800
Gene578	chr7	56000	56800
Gene579	chr7	57000	57800
Gene580	chr7	58000	58800
Gene581	chr7	59000	59800
Gene582	chr7	60000	60800
Gene583	chr7	61000	61800
Gene584	chr7	62000	62800
Gene585	chr7	63000	63800
Gene586	chr7	64000	64800
Gene587	chr7	65000	65800
Gene588	chr7	66000	66800
Gene589	chr7	67000	67800
Gene590	chr7	68000	68800
Gene591	chr7	69000	69800
Gene592	chr7	70000	70800
Gene593	chr7	71000	71800
Gene594	chr7	72000	72800
Gene595	chr7	73000	73800
Gene596	chr7	74000	74800
Gene597	chr7	75000	75800
Gene598	chr7	76000	76800
Gene599	chr7	77000	77800
Gene600	chr7	78000	78800
Gene601	chr7	79000	79800
Gene602	chr7	80000	80800
Gene603	chr7	81000	81800
Gene604	chr7	82000	82800
Gene605	chr7	83000	83800
Gene606	chr7	84000	84800
Gene607	chr7	85000	85800
Gene608	chr7	86000	86800
Gene609	chr7	87000	87800
Gene610	chr8	1000	1800
Gene611	chr8	2000	2800
Gene612	chr8	3000	3800
Gene613	chr8	4000	4800
Gene614	chr8	5000	5800
Gene615	chr8	6000	6800
Gene616	chr8	7000	7800
Gene617	chr8	8000	8800
Gene618	chr8	9000	9800
Gene619	chr8	10000	10800
Gene620	chr8	11000	11800
Gene621	chr8	12000	12800
Gene622	chr8	13000	13800
Gene623	chr8	14000	14800
Gene624	chr8	15000	15800
Gene625	chr8	16000	16800
Gene626	chr8	17000	17800
Gene627	chr8	18000	18800
Gene628	chr8	19000	19800
Gene629	chr8	20000	20800
Gene630	chr8	21000	21800
Gene631	chr8	22000	22800
Gene632	chr8	23000	23800
Gene633	chr8	24000	24800
Gene634	chr8	25000	25800
Gene635	chr8	26000	26800
Gene636	chr8	27000	27800
Gene637	chr8	28000	28800
Gene638	chr8	29000	29800
Gene639	chr8	30000	30800
Gene640	chr8	31000	31800
Gene641	chr8	32000	32800
Gene642	chr8	33000	33800
Gene643	chr8	34000	34800
Gene644	chr8	35000	35800
Gene645	chr8	36000	36800
Gene646	chr8	37000	37800
Gene647	chr8	38000	38800
Gene648	chr8	39000	39800
Gene649	chr8	40000	40800
Gene650	chr8	41000	41800
Gene651	chr8	42000	42800
Gene652	chr8	43000	43800
Gene653	chr8	44000	44800
Gene654	chr8	45000	45800
Gene655	chr8	46000	46800
Gene656	chr8	47000	47800
Gene657	chr8	48000	48800
Gene658	chr8	49000	49800
Gene659	chr8	50000	50800
Gene660	chr8	51000	51800
Gene661	chr8	52000	52800
Gene662	chr8	53000	53800
Gene663	chr8	54000	54800
Gene664	chr8	55000	55800
Gene665	chr8	56000	56800
Gene666	chr8	57000	57800
Gene667	chr8	58000	58800
Gene668	chr8	59000	59800
Gene669	chr8	60000	60800
Gene670	chr8	61000	61800
Gene671	chr8	62000	62800
Gene672	chr8	63000	63800
Gene673	chr8	64000	64800
Gene674	chr8	65000	65800
Gene675	chr8	66000	66800
Gene676	chr8	67000	67800
Gene677	chr8	68000	68800
Gene678	chr8	69000	69800
Gene679	chr8	70000	70800
Gene680	chr8	71000	71800
Gene681	chr8	72000	72800
Gene682	chr8	73000	73800
Gene683	chr8	74000	74800
Gene684	chr8	75000	75800
Gene685	chr8	76000	76800
Gene686	chr8	77000	77800
Gene687	chr8	78000	78800
Gene688	chr8	79000	79800
Gene689	chr8	80000	80800
Gene690	chr8	81000	81800
Gene691	chr8	82000	82800
Gene692	chr8	83000	83800
Gene693	chr8	84000	84800
Gene694	chr8	85000	85800
Gene695	chr8	86000	86800
Gene696	chr8	87000	87800
Gene697	chr9	1000	1800
Gene698	chr9	2000	2800
Gene699	chr9	3000	3800
Gene700	chr9	4000	4800
Gene701	chr9	5000	5800
Gene702	chr9	6000	6800
Gene703	chr9	7000	7800
Gene704	chr9	8000	8800
Gene705	chr9	9000	9800
Gene706	chr9	10000	10800
Gene707	chr9	11000	11800
Gene708	chr9	12000	12800
Gene709	chr9	13000	13800
Gene710	chr9	14000	14800
Gene711	chr9	15000	15800
Gene712	chr9	16000	16800
Gene713	chr9	17000	17800
Gene714	chr9	18000	18800
Gene715	chr9	19000	19800
Gene716	chr9	20000	20800
Gene717	chr9	21000	21800
Gene718	chr9	22000	22800
Gene719	chr9	23000	23800
Gene720	chr9	24000	24800
Gene721	chr9	25000	25800
Gene722	chr9	26000	26800
Gene723	chr9	27000	27800
Gene724	chr9	28000	28800
Gene725	chr9	29000	29800
Gene726	chr9	30000	30800
Gene727	chr9	31000	31800
Gene728	chr9	32000	32800
Gene729	chr9	33000	33800
Gene730	chr9	34000	34800
Gene731	chr9	35000	35800
Gene732	chr9	36000	36800
Gene733	chr9	37000	37800
Gene734	chr9	38000	38800
Gene735	chr9	39000	39800
Gene736	chr9	40000	40800
Gene737	chr9	41000	41800
Gene738	chr9	42000	42800
Gene739	chr9	43000	43800
Gene740	chr9	44000	44800
Gene741	chr9	45000	45800
Gene742	chr9	46000	46800
Gene743	chr9	47000	47800
Gene744	chr9	48000	48800
Gene745	chr9	49000	49800
Gene746	chr9	50000	50800
Gene747	chr9	51000	51800
Gene748	chr9	52000	52800
Gene749	chr9	53000	53800
Gene750	chr9	54000	54800
Gene751	chr9	55000	55800
Gene752	chr9	56000	56800
Gene753	chr9	57000	57800
Gene754	chr9	58000	58800
Gene755	chr9	59000	59800
Gene756	chr9	60000	60800
Gene757	chr9	61000	61800
Gene758	chr9	62000	62800
Gene759	chr9	63000	63800
Gene760	chr9	64000	64800
Gene761	chr9	65000	65800
Gene762	chr9	66000	66800
Gene763	chr9	67000	67800
Gene764	chr9	68000	68800
Gene765	chr9	69000	69800
Gene766	chr9	70000	70800
Gene767	chr9	71000	71800
Gene768	chr9	72000	72800
Gene769	chr9	73000	73800
Gene770	chr9	74000	74800
Gene771	chr9	75000	75800
Gene772	chr9	76000	76800
Gene773	chr9	77000	77800
Gene774	chr9	78000	78800
Gene775	chr9	79000	79800
Gene776	chr9	80000	80800
Gene777	chr9	81000	81800
Gene778	chr9	82000	82800
Gene779	chr9	83000	83800
Gene780	chr9	84000	84800
Gene781	chr9	85000	85800
Gene782	chr9	86000	86800
Gene783	chr9	87000	87800
Gene784	chr10	1000	1800
Gene785	chr10	2000	2800
Gene786	chr10	3000	3800
Gene787	chr10	4000	4800
Gene788	chr10	5000	5800
Gene789	chr10	6000	6800
Gene790	chr10	7000	7800
Gene791	chr10	8000	8800
Gene792	chr10	9000	9800
Gene793	chr10	10000	10800
Gene794	chr10	11000	11800
Gene795	chr10	12000	12800
Gene796	chr10	13000	13800
Gene797	chr10	14000	14800
Gene798	chr10	15000	15800
Gene799	chr10	16000	16800
Gene800	chr10	17000	17800
Gene801	chr10	18000	18800
Gene802	chr10	19000	19800
Gene803	chr10	20000	20800
Gene804	chr10	21000	21800
Gene805	chr10	22000	22800
Gene806	chr10	23000	23800
Gene807	chr10	24000	24800
Gene808	chr10	25000	25800
Gene809	chr10	26000	26800
Gene810	chr10	27000	27800
Gene811	chr10	28000	28800
Gene812	chr10	29000	29800
Gene813	chr10	30000	30800
Gene814	chr10	31000	31800
Gene815	chr10	32000	32800
Gene816	chr10	33000	33800
Gene817	chr10	34000	34800
Gene818	chr10	35000	35800
Gene819	chr10	36000	36800
Gene820	chr10	37000	37800
Gene821	chr10	38000	38800
Gene822	chr10	39000	39800
Gene823	chr10	40000	40800
Gene824	chr10	41000	41800
Gene825	chr10	42000	42800
Gene826	chr10	43000	43800
Gene827	chr10	44000	44800
Gene828	chr10	45000	45800
Gene829	chr10	46000	46800
Gene830	chr10	47000	47800
Gene831	chr10	48000	48800
Gene832	chr10	49000	49800
Gene833	chr10	50000	50800
Gene834	chr10	51000	51800
Gene835	chr10	52000	52800
Gene836	chr10	53000	53800
Gene837	chr10	54000	54800
Gene838	chr10	55000	55800
Gene839	chr10	56000	56800
Gene840	chr10	57000	57800
Gene841	chr10	58000	58800
Gene842	chr10	59000	59800
Gene843	chr10	60000	60800
Gene844	chr10	61000	61800
Gene845	chr10	62000	62800
Gene846	chr10	63000	63800
Gene847	chr10	64000	64800
Gene848	chr10	65000	65800
Gene849	chr10	66000	66800
Gene850	chr10	67000	67800
Gene851	chr10	68000	68800
Gene852	chr10	69000	69800
Gene853	chr10	70000	70800
Gene854	chr10	71000	71800
Gene855	chr10	72000	72800
Gene856	chr10	73000	73800
Gene857	chr10	74000	74800
Gene858	chr10	75000	75800
Gene859	chr10	76000	76800
Gene860	chr10	77000	77800
Gene861	chr10	78000	78800
Gene862	chr10	79000	79800
Gene863	chr10	80000	80800
Gene864	chr10	81000	81800
Gene865	chr10	82000	82800
Gene866	chr10	83000	83800
Gene867	chr10	84000	84800
Gene868	chr10	85000	85800
Gene869	chr10	86000	86800
Gene870	chr10	87000	87800
Gene871	chr11	1000	1800
Gene872	chr11	2000	2800
Gene873	chr11	3000	3800
Gene874	chr11	4000	4800
Gene875	chr11	5000	5800
Gene876	chr11	6000	6800
Gene877	chr11	7000	7800
Gene878	chr11	8000	8800
Gene879	chr11	9000	9800
Gene880	chr11	10000	10800
Gene881	chr11	11000	11800
Gene882	chr11	12000	12800
Gene883	chr11	13000	13800
Gene884	chr11	14000	14800
Gene885	chr11	15000	15800
Gene886	chr11	16000	16800
Gene887	chr11	17000	17800
Gene888	chr11	18000	18800
Gene889	chr11	19000	19800
Gene890	chr11	20000	20800
Gene891	chr11	21000	21800
Gene892	chr11	22000	22800
Gene893	chr11	23000	23800
Gene894	chr11	24000	24800
Gene895	chr11	25000	25800
Gene896	chr11	26000	26800
Gene897	chr11	27000	27800
Gene898	chr11	28000	28800
Gene899	chr11	29000	29800
Gene900	chr11	30000	30800
Gene901	chr11	31000	31800
Gene902	chr11	32000	32800
Gene903	chr11	33000	33800
Gene904	chr11	34000	34800
Gene905	chr11	35000	35800
Gene906	chr11	36000	36800
Gene907	chr11	37000	37800
Gene908	chr11	38000	38800
Gene909	chr11	39000	39800
Gene910	chr11	40000	40800
Gene911	chr11	41000	41800
Gene912	chr11	42000	42800
Gene913	chr11	43000	43800
Gene914	chr11	44000	44800
Gene915	chr11	45000	45800
Gene916	chr11	46000	46800
Gene917	chr11	47000	47800
Gene918	chr11	48000	48800
Gene919	chr11	49000	49800
Gene920	chr11	50000	50800
Gene921	chr11	51000	51800
Gene922	chr11	52000	52800
Gene923	chr11	53000	53800
Gene924	chr11	54000	54800
Gene925	chr11	55000	55800
Gene926	chr11	56000	56800
Gene927	chr11	57000	57800
Gene928	chr11	58000	58800
Gene929	chr11	59000	59800
Gene930	chr11	60000	60800
Gene931	chr11	61000	61800
Gene932	chr11	62000	62800
Gene933	chr11	63000	63800
Gene934	chr11	64000	64800
Gene935	chr11	65000	65800
Gene936	chr11	66000	66800
Gene937	chr11	67000	67800
Gene938	chr11	68000	68800
Gene939	chr11	69000	69800
Gene940	chr11	70000	70800
Gene941	chr11	71000	71800
Gene942	chr11	72000	72800
Gene943	chr11	73000	73800
Gene944	chr11	74000	74800
Gene945	chr11	75000	75800
Gene946	chr11	76000	76800
Gene947	chr11	77000	77800
Gene948	chr11	78000	78800
Gene949	chr11	79000	79800
Gene950	chr11	80000	80800
Gene951	chr11	81000	81800
Gene952	chr11	82000	82800
Gene953	chr11	83000	83800
Gene954	chr11	84000	84800
Gene955	chr11	85000	85800
Gene956	chr11	86000	86800
Gene957	chr11	87000	87800
Gene958	chr12	1000	1800
Gene959	chr12	2000	2800
Gene960	chr12	3000	3800
Gene961	chr12	4000	4800
Gene962	chr12	5000	5800
Gene963	chr12	6000	6800
Gene964	chr12	7000	7800
Gene965	chr12	8000	8800
Gene966	chr12	9000	9800
Gene967	chr12	10000	10800
Gene968	chr12	11000	11800
Gene969	chr12	12000	12800
Gene970	chr12	13000	13800
Gene971	chr12	14000	14800
Gene972	chr12	15000	15800
Gene973	chr12	16000	16800
Gene974	chr12	17000	17800
Gene975	chr12	18000	18800
Gene976	chr12	19000	19800
Gene977	chr12	20000	20800
Gene978	chr12	21000	21800
Gene979	chr12	22000	22800
Gene980	chr12	23000	23800
Gene981	chr12	24000	24800
Gene982	chr12	25000	25800
Gene983	chr12	26000	26800
Gene984	chr12	27000	27800
Gene985	chr12	28000	28800
Gene986	chr12	29000	29800
Gene987	chr12	30000	30800
Gene988	chr12	31000	31800
Gene989	chr12	32000	32800
Gene990	chr12	33000	33800
Gene991	chr12	34000	34800
Gene992	chr12	35000	35800
Gene993	chr12	36000	36800
Gene994	chr12	37000	37800
Gene995	chr12	38000	38800
Gene996	chr12	39000	39800
Gene997	chr12	40000	40800
Gene998	chr12	41000	41800
Gene999	chr12	42000	42800
Gene1000	chr12	43000	43800
Gene1001	chr12	44000	44800
Gene1002	chr12	45000	45800
Gene1003	chr12	46000	46800
Gene1004	chr12	47000	47800
Gene1005	chr12	48000	48800
Gene1006	chr12	49000	49800
Gene1007	chr12	50000	50800
Gene1008	chr12	51000	51800
Gene1009	chr12	52000	52800
Gene1010	chr12	53000	53800
Gene1011	chr12	54000	54800
Gene1012	chr12	55000	55800
Gene1013	chr12	56000	56800
Gene1014	chr12	57000	57800
Gene1015	chr12	58000	58800
Gene1016	chr12	59000	59800
Gene1017	chr12	60000	60800
Gene1018	chr12	61000	61800
Gene1019	chr12	62000	62800
Gene1020	chr12	63000	63800
Gene1021	chr12	64000	64800
Gene1022	chr12	65000	65800
Gene1023	chr12	66000	66800
Gene1024	chr12	67000	67800
Gene1025	chr12	68000	68800
Gene1026	chr12	69000	69800
Gene1027	chr12	70000	70800
Gene1028	chr12	71000	71800
Gene1029	chr12	72000	72800
Gene1030	chr12	73000	73800
Gene1031	chr12	74000	74800
Gene1032	chr12	75000	75800
Gene1033	chr12	76000	76800
Gene1034	chr12	77000	77800
Gene1035	chr12	78000	78800
Gene1036	chr12	79000	79800
Gene1037	chr12	80000	80800
Gene1038	chr12	81000	81800
Gene1039	chr12	82000	82800
Gene1040	chr12	83000	83800
Gene1041	chr12	84000	84800
Gene1042	chr12	85000	85800
Gene1043	chr12	86000	86800
Gene1044	chr13	1000	1800
Gene1045	chr13	2000	2800
Gene1046	chr13	3000	3800
Gene1047	chr13	4000	4800
Gene1048	chr13	5000	5800
Gene1049	chr13	6000	6800
Gene1050	chr13	7000	7800
Gene1051	chr13	8000	8800
Gene1052	chr13	9000	9800
Gene1053	chr13	10000	10800
Gene1054	chr13	11000	11800
Gene1055	chr13	12000	12800
Gene1056	chr13	13000	13800
Gene1057	chr13	14000	14800
Gene1058	chr13	15000	15800
Gene1059	chr13	16000	16800
Gene1060	chr13	17000	17800
Gene1061	chr13	18000	18800
Gene1062	chr13	19000	19800
Gene1063	chr13	20000	20800
Gene1064	chr13	21000	21800
Gene1065	chr13	22000	22800
Gene1066	chr13	23000	23800
Gene1067	chr13	24000	24800
Gene1068	chr13	25000	25800
Gene1069	chr13	26000	26800
Gene1070	chr13	27000	27800
Gene1071	chr13	28000	28800
Gene1072	chr13	29000	29800
Gene1073	chr13	30000	30800
Gene1074	chr13	31000	31800
Gene1075	chr13	32000	32800
Gene1076	chr13	33000	33800
Gene1077	chr13	34000	34800
Gene1078	chr13	35000	35800
Gene1079	chr13	36000	36800
Gene1080	chr13	37000	37800
Gene1081	chr13	38000	38800
Gene1082	chr13	39000	39800
Gene1083	chr13	40000	40800
Gene1084	chr13	41000	41800
Gene1085	chr13	42000	42800
Gene1086	chr13	43000	43800
Gene1087	chr13	44000	44800
Gene1088	chr13	45000	45800
Gene1089	chr13	46000	46800
Gene1090	chr13	47000	47800
Gene1091	chr13	48000	48800
Gene1092	chr13	49000	49800
Gene1093	chr13	50000	50800
Gene1094	chr13	51000	51800
Gene1095	chr13	52000	52800
Gene1096	chr13	53000	53800
Gene1097	chr13	54000	54800
Gene1098	chr13	55000	55800
Gene1099	chr13	56000	56800
Gene1100	chr13	57000	57800
Gene1101	chr13	58000	58800
Gene1102	chr13	59000	59800
Gene1103	chr13	60000	60800
Gene1104	chr13	61000	61800
Gene1105	chr13	62000	62800
Gene1106	chr13	63000	63800
Gene1107	chr13	64000	64800
Gene1108	chr13	65000	65800
Gene1109	chr13	66000	66800
Gene1110	chr13	67000	67800
Gene1111	chr13	68000	68800
Gene1112	chr13	69000	69800
Gene1113	chr13	70000	70800
Gene1114	chr13	71000	71800
Gene1115	chr13	72000	72800
Gene1116	chr13	73000	73800
Gene1117	chr13	74000	74800
Gene1118	chr13	75000	75800
Gene1119	chr13	76000	76800
Gene1120	chr13	77000	77800
Gene1121	chr13	78000	78800
Gene1122	chr13	79000	79800
Gene1123	chr13	80000	80800
Gene1124	chr13	81000	81800
Gene1125	chr13	82000	82800
Gene1126	chr13	83000	83800
Gene1127	chr13	84000	84800
Gene1128	chr13	85000	85800
Gene1129	chr13	86000	86800
Gene1130	chr13	87000	87800
Gene1131	chr14	1000	1800
Gene1132	chr14	2000	2800
Gene1133	chr14	3000	3800
Gene1134	chr14	4000	4800
Gene1135	chr14	5000	5800
Gene1136	chr14	6000	6800
Gene1137	chr14	7000	7800
Gene1138	chr14	8000	8800
Gene1139	chr14	9000	9800
Gene1140	chr14	10000	10800
Gene1141	chr14	11000	11800
Gene1142	chr14	12000	12800
Gene1143	chr14	13000	13800
Gene1144	chr14	14000	14800
Gene1145	chr14	15000	15800
Gene1146	chr14	16000	16800
Gene1147	chr14	17000	17800
Gene1148	chr14	18000	18800
Gene1149	chr14	19000	19800
Gene1150	chr14	20000	20800
Gene1151	chr14	21000	21800
Gene1152	chr14	22000	22800
Gene1153	chr14	23000	23800
Gene1154	chr14	24000	24800
Gene1155	chr14	25000	25800
Gene1156	chr14	26000	26800
Gene1157	chr14	27000	27800
Gene1158	chr14	28000	28800
Gene1159	chr14	29000	29800
Gene1160	chr14	30000	30800
Gene1161	chr14	31000	31800
Gene1162	chr14	32000	32800
Gene1163	chr14	33000	33800
Gene1164	chr14	34000	34800
Gene1165	chr14	35000	35800
Gene1166	chr14	36000	36800
Gene1167	chr14	37000	37800
Gene1168	chr14	38000	38800
Gene1169	chr14	39000	39800
Gene1170	chr14	40000	40800
Gene1171	chr14	41000	41800
Gene1172	chr14	42000	42800
Gene1173	chr14	43000	43800
Gene1174	chr14	44000	44800
Gene1175	chr14	45000	45800
Gene1176	chr14	46000	46800
Gene1177	chr14	47000	47800
Gene1178	chr14	48000	48800
Gene1179	chr14	49000	49800
Gene1180	chr14	50000	50800
Gene1181	chr14	51000	51800
Gene1182	chr14	52000	52800
Gene1183	chr14	53000	53800
Gene1184	chr14	54000	54800
Gene1185	chr14	55000	55800
Gene1186	chr14	56000	56800
Gene1187	chr14	57000	57800
Gene1188	chr14	58000	58800
Gene1189	chr14	59000	59800
Gene1190	chr14	60000	60800
Gene1191	chr14	61000	61800
Gene1192	chr14	62000	62800
Gene1193	chr14	63000	63800
Gene1194	chr14	64000	64800
Gene1195	chr14	65000	65800
Gene1196	chr14	66000	66800
Gene1197	chr14	67000	67800
Gene1198	chr14	68000	68800
Gene1199	chr14	69000	69800
Gene1200	chr14	70000	70800
Gene1201	chr14	71000	71800
Gene1202	chr14	72000	72800
Gene1203	chr14	73000	73800
Gene1204	chr14	74000	74800
Gene1205	chr14	75000	75800
Gene1206	chr14	76000	76800
Gene1207	chr14	77000	77800
Gene1208	chr14	78000	78800
Gene1209	chr14	79000	79800
Gene1210	chr14	80000	80800
Gene1211	chr14	81000	81800
Gene1212	chr14	82000	82800
Gene1213	chr14	83000	83800
Gene1214	chr14	84000	84800
Gene1215	chr14	85000	85800
Gene1216	chr14	86000	86800
Gene1217	chr14	87000	87800
Gene1218	chr15	1000	1800
Gene1219	chr15	2000	2800
Gene1220	chr15	3000	3800
Gene1221	chr15	4000	4800
Gene1222	chr15	5000	5800
Gene1223	chr15	6000	6800
Gene1224	chr15	7000	7800
Gene1225	chr15	8000	8800
Gene1226	chr15	9000	9800
Gene1227	chr15	10000	10800
Gene1228	chr15	11000	11800
Gene1229	chr15	12000	12800
Gene1230	chr15	13000	13800
Gene1231	chr15	14000	14800
Gene1232	chr15	15000	15800
Gene1233	chr15	16000	16800
Gene1234	chr15	17000	17800
Gene1235	chr15	18000	18800
Gene1236	chr15	19000	19800
Gene1237	chr15	20000	20800
Gene1238	chr15	21000	21800
Gene1239	chr15	22000	22800
Gene1240	chr15	23000	23800
Gene1241	chr15	24000	24800
Gene1242	chr15	25000	25800
Gene1243	chr15	26000	26800
Gene1244	chr15	27000	27800
Gene1245	chr15	28000	28800
Gene1246	chr15	29000	29800
Gene1247	chr15	30000	30800
Gene1248	chr15	31000	31800
Gene1249	chr15	32000	32800
Gene1250	chr15	33000	33800
Gene1251	chr15	34000	34800
Gene1252	chr15	35000	35800
Gene1253	chr15	36000	36800
Gene1254	chr15	37000	37800
Gene1255	chr15	38000	38800
Gene1256	chr15	39000	39800
Gene1257	chr15	40000	40800
Gene1258	chr15	41000	41800
Gene1259	chr15	42000	42800
Gene1260	chr15	43000	43800
Gene1261	chr15	44000	44800
Gene1262	chr15	45000	45800
Gene1263	chr15	46000	46800
Gene1264	chr15	47000	47800
Gene1265	chr15	48000	48800
Gene1266	chr15	49000	49800
Gene1267	chr15	50000	50800
Gene1268	chr15	51000	51800
Gene1269	chr15	52000	52800
Gene1270	chr15	53000	53800
Gene1271	chr15	54000	54800
Gene1272	chr15	55000	55800
Gene1273	chr15	56000	56800
Gene1274	chr15	57000	57800
Gene1275	chr15	58000	58800
Gene1276	chr15	59000	59800
Gene1277	chr15	60000	60800
Gene1278	chr15	61000	61800
Gene1279	chr15	62000	62800
Gene1280	chr15	63000	63800
Gene1281	chr15	64000	64800
Gene1282	chr15	65000	65800
Gene1283	chr15	66000	66800
Gene1284	chr15	67000	67800
Gene1285	chr15	68000	68800
Gene1286	chr15	69000	69800
Gene1287	chr15	70000	70800
Gene1288	chr15	71000	71800
Gene1289	chr15	72000	72800
Gene1290	chr15	73000	73800
Gene1291	chr15	74000	74800
Gene1292	chr15	75000	75800
Gene1293	chr15	76000	76800
Gene1294	chr15	77000	77800
Gene1295	chr15	78000	78800
Gene1296	chr15	79000	79800
Gene1297	chr15	80000	80800
Gene1298	chr15	81000	81800
Gene1299	chr15	82000	82800
Gene1300	chr15	83000	83800
Gene1301	chr15	84000	84800
Gene1302	chr15	85000	85800
Gene1303	chr15	86000	86800
Gene1304	chr15	87000	87800
Gene1305	chr16	1000	1800
Gene1306	chr16	2000	2800
Gene1307	chr16	3000	3800
Gene1308	chr16	4000	4800
Gene1309	chr16	5000	5800
Gene1310	chr16	6000	6800
Gene1311	chr16	7000	7800
Gene1312	chr16	8000	8800
Gene1313	chr16	9000	9800
Gene1314	chr16	10000	10800
Gene1315	chr16	11000	11800
Gene1316	chr16	12000	12800
Gene1317	chr16	13000	13800
Gene1318	chr16	14000	14800
Gene1319	chr16	15000	15800
Gene1320	chr16	16000	16800
Gene1321	chr16	17000	17800
Gene1322	chr16	18000	18800
Gene1323	chr16	19000	19800
Gene1324	chr16	20000	20800
Gene1325	chr16	21000	21800
Gene1326	chr16	22000	22800
Gene1327	chr16	23000	23800
Gene1328	chr16	24000	24800
Gene1329	chr16	25000	25800
Gene1330	chr16	26000	26800
Gene1331	chr16	27000	27800
Gene1332	chr16	28000	28800
Gene1333	chr16	29000	29800
Gene1334	chr16	30000	30800
Gene1335	chr16	31000	31800
Gene1336	chr16	32000	32800
Gene1337	chr16	33000	33800
Gene1338	chr16	34000	34800
Gene1339	chr16	35000	35800
Gene1340	chr16	36000	36800
Gene1341	chr16	37000	37800
Gene1342	chr16	38000	38800
Gene1343	chr16	39000	39800
Gene1344	chr16	40000	40800
Gene1345	chr16	41000	41800
Gene1346	chr16	42000	42800
Gene1347	chr16	43000	43800
Gene1348	chr16	44000	44800
Gene1349	chr16	45000	45800
Gene1350	chr16	46000	46800
Gene1351	chr16	47000	47800
Gene1352	chr16	48000	48800
Gene1353	chr16	49000	49800
Gene1354	chr16	50000	50800
Gene1355	chr16	51000	51800
Gene1356	chr16	52000	52800
Gene1357	chr16	53000	53800
Gene1358	chr16	54000	54800
Gene1359	chr16	55000	55800
Gene1360	chr16	56000	56800
Gene1361	chr16	57000	57800
Gene1362	chr16	58000	58800
Gene1363	chr16	59000	59800
Gene1364	chr16	60000	60800
Gene1365	chr16	61000	61800
Gene1366	chr16	62000	62800
Gene1367	chr16	63000	63800
Gene1368	chr16	64000	64800
Gene1369	chr16	65000	65800
Gene1370	chr16	66000	66800
Gene1371	chr16	67000	67800
Gene1372	chr16	68000	68800
Gene1373	chr16	69000	69800
Gene1374	chr16	70000	70800
Gene1375	chr16	71000	71800
Gene1376	chr16	72000	72800
Gene1377	chr16	73000	73800
Gene1378	chr16	74000	74800
Gene1379	chr16	75000	75800
Gene1380	chr16	76000	76800
Gene1381	chr16	77000	77800
Gene1382	chr16	78000	78800
Gene1383	chr16	79000	79800
Gene1384	chr16	80000	80800
Gene1385	chr16	81000	81800
Gene1386	chr16	82000	82800
Gene1387	chr16	83000	83800
Gene1388	chr16	84000	84800
Gene1389	chr16	85000	85800
Gene1390	chr16	86000	86800
Gene1391	chr16	87000	87800
Gene1392	chr17	1000	1800
Gene1393	chr17	2000	2800
Gene1394	chr17	3000	3800
Gene1395	chr17	4000	4800
Gene1396	chr17	5000	5800
Gene1397	chr17	6000	6800
Gene1398	chr17	7000	7800
Gene1399	chr17	8000	8800
Gene1400	chr17	9000	9800
Gene1401	chr17	10000	10800
Gene1402	chr17	11000	11800
Gene1403	chr17	12000	12800
Gene1404	chr17	13000	13800
Gene1405	chr17	14000	14800
Gene1406	chr17	15000	15800
Gene1407	chr17	16000	16800
Gene1408	chr17	17000	17800
Gene1409	chr17	18000	18800
Gene1410	chr17	19000	19800
Gene1411	chr17	20000	20800
Gene1412	chr17	21000	21800
Gene1413	chr17	22000	22800
Gene1414	chr17	23000	23800
Gene1415	chr17	24000	24800
Gene1416	chr17	25000	25800
Gene1417	chr17	26000	26800
Gene1418	chr17	27000	27800
Gene1419	chr17	28000	28800
Gene1420	chr17	29000	29800
Gene1421	chr17	30000	30800
Gene1422	chr17	31000	31800
Gene1423	chr17	32000	32800
Gene1424	chr17	33000	33800
Gene1425	chr17	34000	34800
Gene1426	chr17	35000	35800
Gene1427	chr17	36000	36800
Gene1428	chr17	37000	37800
Gene1429	chr17	38000	38800
Gene1430	chr17	39000	39800
Gene1431	chr17	40000	40800
Gene1432	chr17	41000	41800
Gene1433	chr17	42000	42800
Gene1434	chr17	43000	43800
Gene1435	chr17	44000	44800
Gene1436	chr17	45000	45800
Gene1437	chr17	46000	46800
Gene1438	chr17	47000	47800
Gene1439	chr17	48000	48800
Gene1440	chr17	49000	49800
Gene1441	chr17	50000	50800
Gene1442	chr17	51000	51800
Gene1443	chr17	52000	52800
Gene1444	chr17	53000	53800
Gene1445	chr17	54000	54800
Gene1446	chr17	55000	55800
Gene1447	chr17	56000	56800
Gene1448	chr17	57000	57800
Gene1449	chr17	58000	58800
Gene1450	chr17	59000	59800
Gene1451	chr17	60000	60800
Gene1452	chr17	61000	61800
Gene1453	chr17	62000	62800
Gene1454	chr17	63000	63800
Gene1455	chr17	64000	64800
Gene1456	chr17	65000	65800
Gene1457	chr17	66000	66800
Gene1458	chr17	67000	67800
Gene1459	chr17	68000	68800
Gene1460	chr17	69000	69800
Gene1461	chr17	70000	70800
Gene1462	chr17	71000	71800
Gene1463	chr17	72000	72800
Gene1464	chr17	73000	73800
Gene1465	chr17	74000	74800
Gene1466	chr17	75000	75800
Gene1467	chr17	76000	76800
Gene1468	chr17	77000	77800
Gene1469	chr17	78000	78800
Gene1470	chr17	79000	79800
Gene1471	chr17	80000	80800
Gene1472	chr17	81000	81800
Gene1473	chr17	82000	82800
Gene1474	chr17	83000	83800
Gene1475	chr17	84000	84800
Gene1476	chr17	85000	85800
Gene1477	chr17	86000	86800
Gene1478	chr17	87000	87800
Gene1479	chr18	1000	1800
Gene1480	chr18	2000	2800
Gene1481	chr18	3000	3800
Gene1482	chr18	4000	4800
Gene1483	chr18	5000	5800
Gene1484	chr18	6000	6800
Gene1485	chr18	7000	7800
Gene1486	chr18	8000	8800
Gene1487	chr18	9000	9800
Gene1488	chr18	10000	10800
Gene1489	chr18	11000	11800
Gene1490	chr18	12000	12800
Gene1491	chr18	13000	13800
Gene1492	chr18	14000	14800
Gene1493	chr18	15000	15800
Gene1494	chr18	16000	16800
Gene1495	chr18	17000	17800
Gene1496	chr18	18000	18800
Gene1497	chr18	19000	19800
Gene1498	chr18	20000	20800
Gene1499	chr18	21000	21800
Gene1500	chr18	22000	22800
Gene1501	chr18	23000	23800
Gene1502	chr18	24000	24800
Gene1503	chr18	25000	25800
Gene1504	chr18	26000	26800
Gene1505	chr18	27000	27800
Gene1506	chr18	28000	28800
Gene1507	chr18	29000	29800
Gene1508	chr18	30000	30800
Gene1509	chr18	31000	31800
Gene1510	chr18	32000	32800
Gene1511	chr18	33000	33800
Gene1512	chr18	34000	34800
Gene1513	chr18	35000	35800
Gene1514	chr18	36000	36800
Gene1515	chr18	37000	37800
Gene1516	chr18	38000	38800
Gene1517	chr18	39000	39800
Gene1518	chr18	40000	40800
Gene1519	chr18	41000	41800
Gene1520	chr18	42000	42800
Gene1521	chr18	43000	43800
Gene1522	chr18	44000	44800
Gene1523	chr18	45000	45800
Gene1524	chr18	46000	46800
Gene1525	chr18	47000	47800
Gene1526	chr18	48000	48800
Gene1527	chr18	49000	49800
Gene1528	chr18	50000	50800
Gene1529	chr18	51000	51800
Gene1530	chr18	52000	52800
Gene1531	chr18	53000	53800
Gene1532	chr18	54000	54800
Gene1533	chr18	55000	55800
Gene1534	chr18	56000	56800
Gene1535	chr18	57000	57800
Gene1536	chr18	58000	58800
Gene1537	chr18	59000	59800
Gene1538	chr18	60000	60800
Gene1539	chr18	61000	61800
Gene1540	chr18	62000	62800
Gene1541	chr18	63000	63800
Gene1542	chr18	64000	64800
Gene1543	chr18	65000	65800
Gene1544	chr18	66000	66800
Gene1545	chr18	67000	67800
Gene1546	chr18	68000	68800
Gene1547	chr18	69000	69800
Gene1548	chr18	70000	70800
Gene1549	chr18	71000	71800
Gene1550	chr18	72000	72800
Gene1551	chr18	73000	73800
Gene1552	chr18	74000	74800
Gene1553	chr18	75000	75800
Gene1554	chr18	76000	76800
Gene1555	chr18	77000	77800
Gene1556	chr18	78000	78800
Gene1557	chr18	79000	79800
Gene1558	chr18	80000	80800
Gene1559	chr18	81000	81800
Gene1560	chr18	82000	82800
Gene1561	chr18	83000	83800
Gene1562	chr18	84000	84800
Gene1563	chr18	85000	85800
Gene1564	chr18	86000	86800
Gene1565	chr18	87000	87800
Gene1566	chr19	1000	1800
Gene1567	chr19	2000	2800
Gene1568	chr19	3000	3800
Gene1569	chr19	4000	4800
Gene1570	chr19	5000	5800
Gene1571	chr19	6000	6800
Gene1572	chr19	7000	7800
Gene1573	chr19	8000	8800
Gene1574	chr19	9000	9800
Gene1575	chr19	10000	10800
Gene1576	chr19	11000	11800
Gene1577	chr19	12000	12800
Gene1578	chr19	13000	13800
Gene1579	chr19	14000	14800
Gene1580	chr19	15000	15800
Gene1581	chr19	16000	16800
Gene1582	chr19	17000	17800
Gene1583	chr19	18000	18800
Gene1584	chr19	19000	19800
Gene1585	chr19	20000	20800
Gene1586	chr19	21000	21800
Gene1587	chr19	22000	22800
Gene1588	chr19	23000	23800
Gene1589	chr19	24000	24800
Gene1590	chr19	25000	25800
Gene1591	chr19	26000	26800
Gene1592	chr19	27000	27800
Gene1593	chr19	28000	28800
Gene1594	chr19	29000	29800
Gene1595	chr19	30000	30800
Gene1596	chr19	31000	31800
Gene1597	chr19	32000	32800
Gene1598	chr19	33000	33800
Gene1599	chr19	34000	34800
Gene1600	chr19	35000	35800
Gene1601	chr19	36000	36800
Gene1602	chr19	37000	37800
Gene1603	chr19	38000	38800
Gene1604	chr19	39000	39800
Gene1605	chr19	40000	40800
Gene1606	chr19	41000	41800
Gene1607	chr19	42000	42800
Gene1608	chr19	43000	43800
Gene1609	chr19	44000	44800
Gene1610	chr19	45000	45800
Gene1611	chr19	46000	46800
Gene1612	chr19	47000	47800
Gene1613	chr19	48000	48800
Gene1614	chr19	49000	49800
Gene1615	chr19	50000	50800
Gene1616	chr19	51000	51800
Gene1617	chr19	52000	52800
Gene1618	chr19	53000	53800
Gene1619	chr19	54000	54800
Gene1620	chr19	55000	55800
Gene1621	chr19	56000	56800
Gene1622	chr19	57000	57800
Gene1623	chr19	58000	58800
Gene1624	chr19	59000	59800
Gene1625	chr19	60000	60800
Gene1626	chr19	61000	61800
Gene1627	chr19	62000	62800
Gene1628	chr19	63000	63800
Gene1629	chr19	64000	64800
Gene1630	chr19	65000	65800
Gene1631	chr19	66000	66800
Gene1632	chr19	67000	67800
Gene1633	chr19	68000	68800
Gene1634	chr19	69000	69800
Gene1635	chr19	70000	70800
Gene1636	chr19	71000	71800
Gene1637	chr19	72000	72800
Gene1638	chr19	73000	73800
Gene1639	chr19	74000	74800
Gene1640	chr19	75000	75800
Gene1641	chr19	76000	76800
Gene1642	chr19	77000	77800
Gene1643	chr19	78000	78800
Gene1644	chr19	79000	79800
Gene1645	chr19	80000	80800
Gene1646	chr19	81000	81800
Gene1647	chr19	82000	82800
Gene1648	chr19	83000	83800
Gene1649	chr19	84000	84800
Gene1650	chr19	85000	85800
Gene1651	chr19	86000	86800
Gene1652	chr19	87000	87800
Gene1653	chr20	1000	1800
Gene1654	chr20	2000	2800
Gene1655	chr20	3000	3800
Gene1656	chr20	4000	4800
Gene1657	chr20	5000	5800
Gene1658	chr20	6000	6800
Gene1659	chr20	7000	7800
Gene1660	chr20	8000	8800
Gene1661	chr20	9000	9800
Gene1662	chr20	10000	10800
Gene1663	chr20	11000	11800
Gene1664	chr20	12000	12800
Gene1665	chr20	13000	13800
Gene1666	chr20	14000	14800
Gene1667	chr20	15000	15800
Gene1668	chr20	16000	16800
Gene1669	chr20	17000	17800
Gene1670	chr20	18000	18800
Gene1671	chr20	19000	19800
Gene1672	chr20	20000	20800
Gene1673	chr20	21000	21800
Gene1674	chr20	22000	22800
Gene1675	chr20	23000	23800
Gene1676	chr20	24000	24800
Gene1677	chr20	25000	25800
Gene1678	chr20	26000	26800
Gene1679	chr20	27000	27800
Gene1680	chr20	28000	28800
Gene1681	chr20	29000	29800
Gene1682	chr20	30000	30800
Gene1683	chr20	31000	31800
Gene1684	chr20	32000	32800
Gene1685	chr20	33000	33800
Gene1686	chr20	34000	34800
Gene1687	chr20	35000	35800
Gene1688	chr20	36000	36800
Gene1689	chr20	37000	37800
Gene1690	chr20	38000	38800
Gene1691	chr20	39000	39800
Gene1692	chr20	40000	40800
Gene1693	chr20	41000	41800
Gene1694	chr20	42000	42800
Gene1695	chr20	43000	43800
Gene1696	chr20	44000	44800
Gene1697	chr20	45000	45800
Gene1698	chr20	46000	46800
Gene1699	chr20	47000	47800
Gene1700	chr20	48000	48800
Gene1701	chr20	49000	49800
Gene1702	chr20	50000	50800
Gene1703	chr20	51000	51800
Gene1704	chr20	52000	52800
Gene1705	chr20	53000	53800
Gene1706	chr20	54000	54800
Gene1707	chr20	55000	55800
Gene1708	chr20	56000	56800
Gene1709	chr20	57000	57800
Gene1710	chr20	58000	58800
Gene1711	chr20	59000	59800
Gene1712	chr20	60000	60800
Gene1713	chr20	61000	61800
Gene1714	chr20	62000	62800
Gene1715	chr20	63000	63800
Gene1716	chr20	64000	64800
Gene1717	chr20	65000	65800
Gene1718	chr20	66000	66800
Gene1719	chr20	67000	67800
Gene1720	chr20	68000	68800
Gene1721	chr20	69000	69800
Gene1722	chr20	70000	70800
Gene1723	chr20	71000	71800
Gene1724	chr20	72000	72800
Gene1725	chr20	73000	73800
Gene1726	chr20	74000	74800
Gene1727	chr20	75000	75800
Gene1728	chr20	76000	76800
Gene1729	chr20	77000	77800
Gene1730	chr20	78000	78800
Gene1731	chr20	79000	79800
Gene1732	chr20	80000	80800
Gene1733	chr20	81000	81800
Gene1734	chr20	82000	82800
Gene1735	chr20	83000	83800
Gene1736	chr20	84000	84800
Gene1737	chr20	85000	85800
Gene1738	chr20	86000	86800
Gene1739	chr20	87000	87800
Gene1740	chr21	1000	1800
Gene1741	chr21	2000	2800
Gene1742	chr21	3000	3800
Gene1743	chr21	4000	4800
Gene1744	chr21	5000	5800
Gene1745	chr21	6000	6800
Gene1746	chr21	7000	7800
Gene1747	chr21	8000	8800
Gene1748	chr21	9000	9800
Gene1749	chr21	10000	10800
Gene1750	chr21	11000	11800
Gene1751	chr21	12000	12800
Gene1752	chr21	13000	13800
Gene1753	chr21	14000	14800
Gene1754	chr21	15000	15800
Gene1755	chr21	16000	16800
Gene1756	chr21	17000	17800
Gene1757	chr21	18000	18800
Gene1758	chr21	19000	19800
Gene1759	chr21	20000	20800
Gene1760	chr21	21000	21800
Gene1761	chr21	22000	22800
Gene1762	chr21	23000	23800
Gene1763	chr21	24000	24800
Gene1764	chr21	25000	25800
Gene1765	chr21	26000	26800
Gene1766	chr21	27000	27800
Gene1767	chr21	28000	28800
Gene1768	chr21	29000	29800
Gene1769	chr21	30000	30800
Gene1770	chr21	31000	31800
Gene1771	chr21	32000	32800
Gene1772	chr21	33000	33800
Gene1773	chr21	34000	34800
Gene1774	chr21	35000	35800
Gene1775	chr21	36000	36800
Gene1776	chr21	37000	37800
Gene1777	chr21	38000	38800
Gene1778	chr21	39000	39800
Gene1779	chr21	40000	40800
Gene1780	chr21	41000	41800
Gene1781	chr21	42000	42800
Gene1782	chr21	43000	43800
Gene1783	chr21	44000	44800
Gene1784	chr21	45000	45800
Gene1785	chr21	46000	46800
Gene1786	chr21	47000	47800
Gene1787	chr21	48000	48800
Gene1788	chr21	49000	49800
Gene1789	chr21	50000	50800
Gene1790	chr21	51000	51800
Gene1791	chr21	52000	52800
Gene1792	chr21	53000	53800
Gene1793	chr21	54000	54800
Gene1794	chr21	55000	55800
Gene1795	chr21	56000	56800
Gene1796	chr21	57000	57800
Gene1797	chr21	58000	58800
Gene1798	chr21	59000	59800
Gene1799	chr21	60000	60800
Gene1800	chr21	61000	61800
Gene1801	chr21	62000	62800
Gene1802	chr21	63000	63800
Gene1803	chr21	64000	64800
Gene1804	chr21	65000	65800
Gene1805	chr21	66000	66800
Gene1806	chr21	67000	67800
Gene1807	chr21	68000	68800
Gene1808	chr21	69000	69800
Gene1809	chr21	70000	70800
Gene1810	chr21	71000	71800
Gene1811	chr21	72000	72800
Gene1812	chr21	73000	73800
Gene1813	chr21	74000	74800
Gene1814	chr21	75000	75800
Gene1815	chr21	76000	76800
Gene1816	chr21	77000	77800
Gene1817	chr21	78000	78800
Gene1818	chr21	79000	79800
Gene1819	chr21	80000	80800
Gene1820	chr21	81000	81800
Gene1821	chr21	82000	82800
Gene1822	chr21	83000	83800
Gene1823	chr21	84000	84800
Gene1824	chr21	85000	85800
Gene1825	chr21	86000	86800
Gene1826	chr21	87000	87800
Gene1827	chr22	1000	1800
Gene1828	chr22	2000	2800
Gene1829	chr22	3000	3800
Gene1830	chr22	4000	4800
Gene1831	chr22	5000	5800
Gene1832	chr22	6000	6800
Gene1833	chr22	7000	7800
Gene1834	chr22	8000	8800
Gene1835	chr22	9000	9800
Gene1836	chr22	10000	10800
Gene1837	chr22	11000	11800
Gene1838	chr22	12000	12800
Gene1839	chr22	13000	13800
Gene1840	chr22	14000	14800
Gene1841	chr22	15000	15800
Gene1842	chr22	16000	16800
Gene1843	chr22	17000	17800
Gene1844	chr22	18000	18800
Gene1845	chr22	19000	19800
Gene1846	chr22	20000	20800
Gene1847	chr22	21000	21800
Gene1848	chr22	22000	22800
Gene1849	chr22	23000	23800
Gene1850	chr22	24000	24800
Gene1851	chr22	25000	25800
Gene1852	chr22	26000	26800
Gene1853	chr22	27000	27800
Gene1854	chr22	28000	28800
Gene1855	chr22	29000	29800
Gene1856	chr22	30000	30800
Gene1857	chr22	31000	31800
Gene1858	chr22	32000	32800
Gene1859	chr22	33000	33800
Gene1860	chr22	34000	34800
Gene1861	chr22	35000	35800
Gene1862	chr22	36000	36800
Gene1863	chr22	37000	37800
Gene1864	chr22	38000	38800
Gene1865	chr22	39000	39800
Gene1866	chr22	40000	40800
Gene1867	chr22	41000	41800
Gene1868	chr22	42000	42800
Gene1869	chr22	43000	43800
Gene1870	chr22	44000	44800
Gene1871	chr22	45000	45800
Gene1872	chr22	46000	46800
Gene1873	chr22	47000	47800
Gene1874	chr22	48000	48800
Gene1875	chr22	49000	49800
Gene1876	chr22	50000	50800
Gene1877	chr22	51000	51800
Gene1878	chr22	52000	52800
Gene1879	chr22	53000	53800
Gene1880	chr22	54000	54800
Gene1881	chr22	55000	55800
Gene1882	chr22	56000	56800
Gene1883	chr22	57000	57800
Gene1884	chr22	58000	58800
Gene1885	chr22	59000	59800
Gene1886	chr22	60000	60800
Gene1887	chr22	61000	61800
Gene1888	chr22	62000	62800
Gene1889	chr22	63000	63800
Gene1890	chr22	64000	64800
Gene1891	chr22	65000	65800
Gene1892	chr22	66000	66800
Gene1893	chr22	67000	67800
Gene1894	chr22	68000	68800
Gene1895	chr22	69000	69800
Gene1896	chr22	70000	70800
Gene1897	chr22	71000	71800
Gene1898	chr22	72000	72800
Gene1899	chr22	73000	73800
Gene1900	chr22	74000	74800
Gene1901	chr22	75000	75800
Gene1902	chr22	76000	76800
Gene1903	chr22	77000	77800
Gene1904	chr22	78000	78800
Gene1905	chr22	79000	79800
Gene1906	chr22	80000	80800
Gene1907	chr22	81000	81800
Gene1908	chr22	82000	82800
Gene1909	chr22	83000	83800
Gene1910	chr22	84000	84800
Gene1911	chr22	85000	85800
Gene1912	chr22	86000	86800
Gene1913	chr22	87000	87800
Gene1914	chrX	1000	1800
Gene1915	chrX	2000	2800
Gene1916	chrX	3000	3800
Gene1917	chrX	4000	4800
Gene1918	chrX	5000	5800
Gene1919	chrX	6000	6800
Gene1920	chrX	7000	7800
Gene1921	chrX	8000	8800
Gene1922	chrX	9000	9800
Gene1923	chrX	10000	10800
Gene1924	chrX	11000	11800
Gene1925	chrX	12000	12800
Gene1926	chrX	13000	13800
Gene1927	chrX	14000	14800
Gene1928	chrX	15000	15800
Gene1929	chrX	16000	16800
Gene1930	chrX	17000	17800
Gene1931	chrX	18000	18800
Gene1932	chrX	19000	19800
Gene1933	chrX	20000	20800
Gene1934	chrX	21000	21800
Gene1935	chrX	22000	22800
Gene1936	chrX	23000	23800
Gene1937	chrX	24000	24800
Gene1938	chrX	25000	25800
Gene1939	chrX	26000	26800
Gene1940	chrX	27000	27800
Gene1941	chrX	28000	28800
Gene1942	chrX	29000	29800
Gene1943	chrX	30000	30800
Gene1944	chrX	31000	31800
Gene1945	chrX	32000	32800
Gene1946	chrX	33000	33800
Gene1947	chrX	34000	34800
Gene1948	chrX	35000	35800
Gene1949	chrX	36000	36800
Gene1950	chrX	37000	37800
Gene1951	chrX	38000	38800
Gene1952	chrX	39000	39800
Gene1953	chrX	40000	40800
Gene1954	chrX	41000	41800
Gene1955	chrX	42000	42800
Gene1956	chrX	43000	43800
Gene1957	chrX	44000	44800
Gene1958	chrX	45000	45800
Gene1959	chrX	46000	46800
Gene1960	chrX	47000	47800
Gene1961	chrX	48000	48800
Gene1962	chrX	49000	49800
Gene1963	chrX	50000	50800
Gene1964	chrX	51000	51800
Gene1965	chrX	52000	52800
Gene1966	chrX	53000	53800
Gene1967	chrX	54000	54800
Gene1968	chrX	55000	55800
Gene1969	chrX	56000	56800
Gene1970	chrX	57000	57800
Gene1971	chrX	58000	58800
Gene1972	chrX	59000	59800
Gene1973	chrX	60000	60800
Gene1974	chrX	61000	61800
Gene1975	chrX	62000	62800
Gene1976	chrX	63000	63800
Gene1977	chrX	64000	64800
Gene1978	chrX	65000	65800
Gene1979	chrX	66000	66800
Gene1980	chrX	67000	67800
Gene1981	chrX	68000	68800
Gene1982	chrX	69000	69800
Gene1983	chrX	70000	70800
Gene1984	chrX	71000	71800
Gene1985	chrX	72000	72800
Gene1986	chrX	73000	73800
Gene1987	chrX	74000	74800
Gene1988	chrX	75000	75800
Gene1989	chrX	76000	76800
Gene1990	chrX	77000	77800
Gene1991	chrX	78000	78800
Gene1992	chrX	79000	79800
Gene1993	chrX	80000	80800
Gene1994	chrX	81000	81800
Gene1995	chrX	82000	82800
Gene1996	chrX	83000	83800
Gene1997	chrX	84000	84800
Gene1998	chrX	85000	85800
Gene1999	chrX	86000	86800
Gene2000	chrX	87000	87800
